/Users/Wintermute/Dropbox/DSTO RA/DSTO_Final/just_report/graphics/images/easyPulseMeter/Circuit_StageI.png,127
/Users/Wintermute/Dropbox/DSTO RA/DSTO_Final/just_report/graphics/images/easyPulseMeter/easyPulseMeterfinger.png,127
/Users/Wintermute/Dropbox/DSTO RA/DSTO_Final/just_report/graphics/images/LCDshield/lcd-shield-front-001_large.png,127
/Users/Wintermute/Dropbox/DSTO RA/DSTO_Final/just_report/graphics/images/PulseSensor/PulseSensor_files/Screen_Shot_2012-09-24_at_2.24.20_PM_small.png,127
/Users/Wintermute/Dropbox/DSTO RA/DSTO_Final/just_report/graphics/images/T34/polarheart-2.png,127
/Users/Wintermute/Dropbox/DSTO RA/DSTO_Final/just_report/graphics/images/T34_files/Bandeau-LTW-620x120-UK.png,127
/Users/Wintermute/Dropbox/DSTO RA/DSTO_Final/just_report/graphics/images/T34_files/btn-ok.png,127
/Users/Wintermute/Dropbox/DSTO RA/DSTO_Final/just_report/graphics/images/T34_files/nordictrack.png,127
/Users/Wintermute/Dropbox/DSTO RA/DSTO_Final/just_report/graphics/images/T34_files/pictos-specifications_0.png,127
/Users/Wintermute/Dropbox/DSTO RA/DSTO_Final/just_report/graphics/images/T34_files/small banner OFFERS.png,127
/Users/Wintermute/Dropbox/DSTO RA/DSTO_Final/just_report/graphics/images1/Freetronics-LeoStick-web-label-002-centre_large.png,127
/Users/Wintermute/Dropbox/DSTO RA/DSTO_Final/just_report/graphics/images1/Gray940_-_sweat_gland.png,127
/Users/Wintermute/Dropbox/DSTO RA/DSTO_Final/just_report/graphics/images1/GSR_INA333_WEB_small.png,127
/Users/Wintermute/Dropbox/DSTO RA/DSTO_Final/just_report/graphics/images1/Skin.png,127
/Users/Wintermute/Dropbox/DSTO RA/DSTO_Final/just_report/graphics/images1/Truth_Circuit.png,127
/Users/Wintermute/Dropbox/DSTO RA/DSTO_Final/just_report/graphics/images1a/builder.png,127
/Users/Wintermute/Dropbox/DSTO RA/DSTO_Final/just_report/graphics/images1a/coder.png,127
/Users/Wintermute/Dropbox/DSTO RA/DSTO_Final/just_report/graphics/images1a/custom_code.png,127
/Users/Wintermute/Dropbox/DSTO RA/DSTO_Final/just_report/graphics/images1a/ipy_serial.png,127
/Users/Wintermute/Dropbox/DSTO RA/DSTO_Final/just_report/graphics/images1a/pyserial.png,127
/Users/Wintermute/Dropbox/DSTO RA/DSTO_Final/just_report/graphics/images1a/serialCode.png,127
/Users/Wintermute/Dropbox/DSTO RA/DSTO_Final/just_report/graphics/images2/column_board_v2.png,127
/Users/Wintermute/Dropbox/DSTO RA/DSTO_Final/just_report/graphics/images2/SinusRhythmLabels.png,127
/Users/Wintermute/Dropbox/DSTO RA/DSTO_Final/just_report/graphics/images_ch4/Oxy_and_Deoxy_Hemoglobin_Near-Infrared_absorption_spectra.png,127
